code,name,date,close,pct_change,close_to_high,vol_ratio20,vol_ratio50,macd_hist,score,reasons
600279,重庆港,2026-06-04,5.64,0.0368,0.9758,2.778,4.128,0.1719,12.0,???????????????????20????????60???????????MACD?3???
605018,长华集团,2026-06-04,16.71,0.0569,0.9829,2.76,3.387,0.4005,12.0,???????????????????20????????60???????????MACD?3???
002815,崇达技术,2026-06-04,17.81,0.0483,0.9894,2.107,3.054,0.1768,12.0,?????????????????????20????????60???????????MACD????
600971,恒源煤电,2026-06-04,8.48,0.0405,0.9895,2.089,2.141,0.1581,12.0,?????????????????????20????????60???????????MACD????
002823,凯中精密,2026-06-04,20.85,0.06,0.9986,2.01,3.446,0.6012,12.0,?????????????????????20????????60???????????MACD????
600487,亨通光电,2026-06-04,97.87,0.0704,0.9887,1.512,1.511,3.5803,12.0,?????????????????????20????????60???????????MACD?3???
600255,鑫科材料,2026-06-04,4.83,0.1002,1.0,6.071,9.171,0.2116,11.0,??????????????20????????60???????????MACD?3???
603330,天洋新材,2026-06-04,9.41,0.1006,1.0,4.984,7.931,0.4657,11.0,??????????????20????????60???????????MACD?3???
600630,龙头股份,2026-06-04,8.32,0.031,1.0,2.194,2.512,0.0708,11.0,?????????????????????20??????????????MACD?3???
603733,仙鹤股份,2026-06-04,26.0,0.0228,0.9935,2.07,2.89,1.0345,11.0,???????????????????20????????60???????????MACD????
000983,山西焦煤,2026-06-04,7.78,0.0305,0.9861,1.858,1.879,0.2521,11.0,?????????????????????20????????60???????????MACD????
000700,模塑科技,2026-06-04,17.8,0.0736,0.9759,1.815,2.893,0.3799,11.0,???????????????????20????????60???????????MACD?3???
600360,华微电子,2026-06-04,13.71,0.0686,0.9751,1.702,3.282,0.2719,11.0,???????????????????20????????60???????????MACD?3???
003033,征和工业,2026-06-04,67.3,0.0397,0.997,1.593,1.662,2.2398,11.0,?????????????????????20????????60???????????MACD????
002137,实益达,2026-06-04,10.54,0.0135,0.9246,5.378,8.502,0.3547,10.0,????????????20????????60???????????MACD?3???
600439,瑞贝卡,2026-06-04,2.88,0.0992,1.0,3.888,4.962,0.0627,10.0,??????????????20????????60??????????????MACD?3???
002735,王子新材,2026-06-04,17.12,0.0581,0.9772,3.091,4.94,0.5922,10.0,???????????????????20???????????MACD????
002700,万憬能源,2026-06-04,8.3,0.0061,0.9811,2.646,3.991,0.2585,10.0,?????????????????20????????60???????????MACD????
600237,铜峰电子,2026-06-04,12.22,0.0999,1.0,2.506,3.854,0.43,10.0,??????????????20????????60???????????MACD????
601666,平煤股份,2026-06-04,9.22,0.1002,1.0,2.321,2.786,0.323,10.0,??????????????20????????60???????????MACD????
601001,晋控煤业,2026-06-04,22.69,0.037,0.9494,2.281,2.747,1.0672,10.0,??????????????20????????60???????????MACD????
600063,皖维高新,2026-06-04,7.47,0.0477,0.9855,2.27,2.923,0.2588,10.0,?????????????????????20??????????
601699,潞安环能,2026-06-04,19.3,0.0158,0.9767,2.251,2.555,0.8756,10.0,?????????????????20????????60???????????MACD????
603011,合锻智能,2026-06-04,32.26,0.0437,0.974,2.243,3.323,2.6997,10.0,???????????????????20????????60???????????MACD???????????
600985,淮北矿业,2026-06-04,16.58,0.0474,0.9529,2.122,2.506,0.6104,10.0,??????????????20????????60???????????MACD????
000937,冀中能源,2026-06-04,5.81,0.0229,0.9898,2.081,2.267,0.084,10.0,???????????????????20???????????MACD????
601231,环旭电子,2026-06-04,45.76,0.0491,0.9555,1.988,2.083,0.4686,10.0,??????????????20????????60???????????MACD?3???
002056,横店东磁,2026-06-04,29.42,0.0698,0.9729,1.98,2.808,1.5395,10.0,???????????????????20????????60???????????MACD????
000100,TCL科技,2026-06-04,4.92,0.038,0.9781,1.902,3.216,0.0951,10.0,???????????????????20????????60???????????MACD????
603319,美湖股份,2026-06-04,43.94,0.0315,0.9775,1.874,2.811,2.4186,10.0,???????????????????20????????60???????????MACD????
002106,莱宝高科,2026-06-04,12.83,0.0322,0.9915,1.871,2.741,0.2612,10.0,?????????????????????20???????????MACD????
600188,兖矿能源,2026-06-04,27.27,0.0501,0.9809,1.825,1.791,1.1615,10.0,???????????????????20????????60???????????MACD????
600179,安通控股,2026-06-04,4.59,0.0315,0.9871,1.798,1.879,0.0509,10.0,?????????????????????20???????????MACD????
002876,三利谱,2026-06-04,31.87,0.0257,0.9904,1.751,1.798,0.2332,10.0,???????????????????20????????60??????????????MACD?3???
600726,华电能源,2026-06-04,10.39,0.07,0.9728,1.719,1.606,0.4391,10.0,???????????????????20????????60???????????MACD????
002645,华宏科技,2026-06-04,36.1,0.0999,1.0,1.677,1.655,0.3052,10.0,??????????????20????????60???????????MACD?3???
600222,太龙药业,2026-06-04,8.7,0.0382,0.971,1.636,2.164,0.1353,10.0,???????????????????20????????60???????????MACD????
603683,晶华新材,2026-06-04,31.32,0.0162,0.9943,1.61,1.642,0.6827,10.0,???????????????????20????????60???????????MACD????
002859,洁美科技,2026-06-04,94.39,0.0884,0.9898,1.588,2.216,6.3434,10.0,?????????????????????20????????60???????????MACD???????????
603267,鸿远电子,2026-06-04,81.11,0.052,0.9849,1.523,2.633,3.5402,10.0,???????????????????20????????60???????????MACD????
605358,立昂微,2026-06-04,63.9,0.1,1.0,1.481,2.611,0.5103,10.0,??????????????20????????60???????????MACD?3???
003013,地铁设计,2026-06-04,15.43,0.0059,0.9948,1.47,1.911,0.1812,10.0,???????????????????20????????60???????????MACD????
000151,中成股份,2026-06-04,14.23,0.0267,0.9889,1.403,1.897,0.5284,10.0,???????????????????20????????60???????????MACD????
601208,东材科技,2026-06-04,59.6,0.0551,0.9851,1.227,1.545,0.4449,10.0,????????????????20????????60??????????????MACD?3???
603212,赛伍技术,2026-06-04,15.82,0.0044,0.9937,1.174,1.424,0.1352,10.0,??????????????20????????60???????????MACD?3???
000657,中钨高新,2026-06-04,74.33,0.0365,0.9936,1.136,1.201,1.9669,10.0,????????????????20????????60???????????MACD????
603386,骏亚科技,2026-06-04,17.24,0.0117,0.9937,0.981,1.685,0.1376,10.0,??????????????20????????60???????????MACD?3???
603065,宿迁联盛,2026-06-04,8.68,0.0346,0.9486,5.118,6.036,0.1169,9.0,??????????????20??????????????MACD?3???
002570,贝因美,2026-06-04,5.72,0.1,1.0,3.823,5.23,0.157,9.0,??????????????20???????????MACD????
600121,郑州煤电,2026-06-04,5.7,0.0018,0.912,3.312,3.563,0.3673,9.0,????????????20????????60???????????MACD????
603681,永冠新材,2026-06-04,26.6,0.0188,0.9262,3.283,5.049,0.8034,9.0,????????????20????????60???????????MACD????
600458,时代新材,2026-06-04,13.79,0.0782,0.9801,3.221,3.969,0.227,9.0,???????????????????20??????????
601137,博威合金,2026-06-04,23.3,0.0282,0.953,2.941,3.94,0.4407,9.0,????????????20????????60??????????????MACD?3???
600688,上海石化,2026-06-04,3.38,0.101,1.0,2.891,2.975,0.0812,9.0,??????????????20??????????????MACD?3???
002608,江苏国信,2026-06-04,10.5,0.0194,0.9554,2.623,4.473,0.5116,9.0,????????????20????????60???????????MACD????
601011,宝泰隆,2026-06-04,3.19,0.0357,0.9938,2.598,2.109,0.099,9.0,?????????????????????20??????MACD????
000733,振华科技,2026-06-04,59.31,0.1,1.0,2.424,4.116,2.007,9.0,??????????????20????????60??????????
002787,华源控股,2026-06-04,30.42,0.1002,1.0,2.226,2.223,-0.1544,9.0,??????????????20????????60??????????
002456,欧菲光,2026-06-04,10.05,0.0234,0.9834,1.993,2.695,0.2292,9.0,?????????????????20????????60???????????MACD????
000608,阳光股份,2026-06-04,5.02,0.0819,0.9843,1.959,2.61,0.2156,9.0,???????????????????20????????60??????????
600549,厦门钨业,2026-06-04,63.73,0.062,0.9961,1.941,1.882,2.4139,9.0,?????????????????????20??????????????MACD????
600925,苏能股份,2026-06-04,4.87,0.0125,0.9959,1.896,1.886,0.0623,9.0,???????????????????20???????????MACD????
600459,贵研铂业,2026-06-04,24.24,0.0017,0.9704,1.825,2.62,0.8385,9.0,?????????????????20????????60???????????MACD????
002072,凯瑞德,2026-06-04,8.99,0.1004,1.0,1.812,2.783,0.2514,9.0,??????????????20????????60???????????MACD????
600395,盘江股份,2026-06-04,6.15,0.0336,0.9762,1.701,1.821,0.1865,9.0,???????????????????20???????????MACD????
603328,依顿电子,2026-06-04,13.07,0.0381,0.9962,1.647,1.655,0.088,9.0,?????????????????????20??????????????MACD????
002925,盈趣科技,2026-06-04,22.6,0.0062,0.9801,1.588,1.926,0.4217,9.0,?????????????????20???????????MACD?3???
000681,视觉中国,2026-06-04,23.2,0.0127,0.9944,1.569,2.034,0.5229,9.0,???????????????????20??????????????MACD?3???
601702,华峰铝业,2026-06-04,21.4,0.0109,0.9944,1.561,2.035,0.6395,9.0,???????????????????20???????????MACD????
003043,华亚智能,2026-06-04,67.57,0.1,1.0,1.556,2.067,0.0661,9.0,??????????????20????????60??????????????MACD?3???
001229,魅视科技,2026-06-04,38.3,0.02,0.9902,1.484,1.234,0.6225,9.0,???????????????????20???????????MACD????
002897,意华股份,2026-06-04,96.15,0.0543,0.9666,1.451,1.899,4.071,9.0,??????????????20????????60???????????MACD????
605319,无锡振华,2026-06-04,27.3,0.0232,0.9945,1.41,1.044,0.2939,9.0,???????????????????20??????????????MACD?3???
600483,福能股份,2026-06-04,11.92,0.0205,0.9892,1.374,1.68,0.194,9.0,??????????????20????????60???????????MACD????
002463,沪电股份,2026-06-04,140.82,0.0849,0.9863,1.364,1.421,2.8987,9.0,????????????????20????????60??????????
002353,杰瑞股份,2026-06-04,157.34,0.1,1.0,1.326,1.166,0.8907,9.0,?????????20????????60???????????MACD?3???
002051,中工国际,2026-06-04,12.02,0.0997,1.0,1.248,1.045,0.0513,9.0,?????????20????????60???????????MACD?3???
603124,江南新材,2026-06-04,152.73,0.0297,0.9933,1.245,1.358,3.7616,9.0,??????????????20????????60???????????MACD????
002636,金安国纪,2026-06-04,54.0,0.0439,0.9932,1.201,1.136,0.6203,9.0,????????????????20????????60??????????
002138,顺络电子,2026-06-04,50.55,0.0575,0.989,1.157,1.73,1.3329,9.0,????????????????20????????60??????????
002068,黑猫股份,2026-06-04,10.64,0.0143,0.9708,1.142,1.467,0.0214,9.0,????????????20????????60???????????MACD?3???
603045,福达合金,2026-06-04,77.51,0.0707,0.9914,1.141,1.807,-0.7923,9.0,????????????????20????????60??????????
600396,华电辽能,2026-06-04,21.97,0.0295,0.9941,0.982,0.973,0.6038,9.0,??????????????20????????60???????????MACD????
601518,吉林高速,2026-06-04,3.15,0.0096,0.9968,0.883,0.975,0.0365,9.0,??????????????20????????60???????????MACD????
605186,健麾信息,2026-06-04,28.28,0.014,0.9867,0.625,1.217,0.3102,9.0,??????????????20????????60???????????MACD????
600162,香江控股,2026-06-04,3.42,0.0209,0.9268,3.584,6.196,0.3227,8.0,????????????20????????60???????????MACD???????????
600868,梅雁吉祥,2026-06-04,3.78,0.0988,1.0,3.201,3.264,0.0686,8.0,??????????????20??????????????MACD????
002981,朝阳科技,2026-06-04,28.95,0.0999,1.0,3.187,4.779,0.5036,8.0,??????????????20??????????
600408,安泰集团,2026-06-04,3.47,0.1016,1.0,2.957,2.467,0.0941,8.0,??????????????20??????????????MACD????
603161,科华控股,2026-06-04,14.82,0.0601,0.9789,2.653,3.555,0.2234,8.0,?????????????????????????MACD?3???
600740,山西焦化,2026-06-04,4.15,0.0197,0.9834,1.887,1.59,0.1072,8.0,?????????????????20???????????MACD????
600378,昊华科技,2026-06-04,43.56,0.0459,0.9574,1.775,2.967,1.2407,8.0,??????????????20????????60??????????
002951,金时科技,2026-06-04,24.79,0.0998,1.0,1.755,2.673,1.5334,8.0,??????????????20????????60???????????MACD???????????
603678,火炬电子,2026-06-04,64.55,0.0097,0.9789,1.742,3.033,6.0484,8.0,?????????????????20????????60???????????MACD???????????
600367,XD红星发,2026-06-04,46.98,0.0997,1.0,1.692,1.859,3.8672,8.0,??????????????20????????60???????????MACD???????????
001331,胜通能源,2026-05-27,69.78,0.0287,0.9617,1.69,2.101,3.6403,8.0,????????????20????????60???????????MACD????
002334,英威腾,2026-06-04,9.47,0.0522,0.9865,1.645,2.397,-0.0007,8.0,?????????????????????20?????????????
605162,新中港,2026-06-04,12.71,0.1004,1.0,1.62,1.132,0.3407,8.0,??????????????20??????????????MACD?3???
603800,洪田股份,2026-06-04,77.0,0.0149,0.9577,1.573,2.087,2.5136,8.0,????????????20????????60???????????MACD????
000723,美锦能源,2026-06-04,4.44,0.0045,0.9845,1.42,1.381,0.1224,8.0,?????????????????20???????????MACD????
601225,陕西煤业,2026-06-04,27.41,0.0107,0.972,1.361,1.538,0.8476,8.0,????????????20????????60???????????MACD????
603060,国检集团,2026-06-04,7.21,0.0241,1.0,1.306,1.59,0.061,8.0,??????????????20??????????????MACD?3???
000636,风华高科,2026-06-04,63.5,0.0489,0.9831,1.221,1.809,5.0795,8.0,??????????????20????????60???????????MACD???????????
600403,大有能源,2026-06-04,7.4,0.0996,1.0,1.112,1.176,0.4662,8.0,?????????20????????60???????????MACD????
603078,江化微,2026-06-04,37.78,0.058,0.9788,1.111,1.89,0.3123,8.0,??????????????20????????60??????????
001896,豫能控股,2026-06-04,22.09,0.1001,1.0,1.041,1.086,1.0382,8.0,?????????20????????60???????????MACD????
603458,勘设股份,2026-06-04,14.39,0.0397,0.9802,0.971,1.18,-0.0176,8.0,??????????????20????????60??????????
600105,永鼎股份,2026-06-04,54.29,0.0456,0.988,0.938,0.908,-0.2445,8.0,????????????????20????????60?????????????
600114,东睦股份,2026-06-04,39.61,0.0099,0.989,0.842,1.224,0.3383,8.0,??????????????20????????60??????????????MACD????
600246,万通发展,2026-06-04,18.87,0.1003,1.0,0.79,1.231,0.4703,8.0,?????????20????????60???????????MACD????
600353,旭光电子,2026-06-04,26.44,0.0998,1.0,0.728,1.147,0.1826,8.0,?????????20????????60??????????????MACD?3???
600667,太极实业,2026-06-04,16.36,0.1002,1.0,0.659,0.956,0.4304,8.0,?????????20????????60???????????MACD????
000520,凤凰航运,2026-06-04,4.18,0.1,1.0,3.296,3.663,0.0441,7.0,????????????????????MACD?3???
601015,陕西黑猫,2026-06-04,4.25,0.0625,0.9659,3.049,2.172,0.1707,7.0,??????????????20??????MACD????
600792,云煤能源,2026-06-04,4.58,0.0155,0.9582,2.373,1.725,0.1441,7.0,????????????20??????????????MACD????
002480,新筑股份,2026-06-04,6.41,0.0372,0.9639,2.347,2.367,0.0212,7.0,????????????????????MACD?3???
603661,恒林股份,2026-06-04,36.41,0.0681,0.9709,2.331,4.222,1.0246,7.0,?????????????????????????MACD????
603135,中重科技,2026-06-04,12.75,0.1001,1.0,2.314,2.685,0.0513,7.0,????????????????????MACD?3???
002579,中京电子,2026-06-04,20.61,0.0596,0.9814,2.209,3.155,1.3541,7.0,?????????????????????
600997,开滦股份,2026-06-04,5.86,0.0281,0.9849,2.061,1.583,0.1354,7.0,?????????????????20??????MACD????
002869,金溢科技,2026-06-04,19.36,0.0499,0.9773,2.01,1.325,0.106,7.0,?????????????????MACD?3???
000766,通化金马,2026-06-04,24.7,0.0533,0.9574,1.863,1.597,0.098,7.0,?????????????????MACD?3???
001289,龙源电力,2026-06-04,19.31,0.0255,0.9545,1.856,1.873,0.2737,7.0,????????????20????????60??????????
000718,苏宁环球,2026-06-04,2.23,0.0985,1.0,1.713,1.784,0.0389,7.0,??????????????20??????????????MACD????
600508,上海能源,2026-06-04,14.7,0.0117,0.9906,1.651,1.722,0.2617,7.0,??????????????????????MACD????
600293,三峡新材,2026-06-04,3.6,0.1009,1.0,1.612,2.171,0.0525,7.0,??????????????20??????????
000823,超声电子,2026-06-04,17.41,0.0253,0.9915,1.585,2.269,0.0448,7.0,?????????????????????????MACD?3???
603605,珀莱雅,2026-06-04,66.48,0.0339,0.9908,1.54,2.227,2.328,7.0,???????????????????????
002263,大东南,2026-06-04,3.9,0.0317,0.9949,1.426,0.667,0.0241,7.0,???????????????????MACD?3???
002962,五方光电,2026-06-04,20.5,0.0103,0.9842,1.42,1.742,0.0963,7.0,????????????????????MACD?3???
000725,京东方Ａ,2026-06-04,6.15,0.1002,1.0,1.375,2.571,0.1913,7.0,?????????20????????60??????????
603990,麦迪科技,2026-06-04,22.96,0.0132,0.9692,1.359,1.929,1.0841,7.0,???????20????????60???????????MACD????
603201,常润股份,2026-06-04,17.95,0.0228,0.9713,1.317,1.849,0.4715,7.0,????????????20???????????MACD????
002824,和胜股份,2026-06-04,27.45,0.0928,1.0,1.314,1.145,0.0549,7.0,??????????????????????MACD?3???
601869,长飞光纤,2026-06-04,455.89,0.0245,0.97,1.197,1.085,8.604,7.0,???????20????????60??????????????MACD?3???
603773,沃格光电,2026-06-04,122.4,0.0301,0.9664,1.125,1.408,5.9945,7.0,?????????20????????60??????????
600183,生益科技,2026-06-04,143.96,0.0203,0.974,1.063,1.296,4.9694,7.0,????????????20????????60??????????
603311,金海高科,2026-06-04,38.53,0.0272,0.9804,1.049,1.58,1.647,7.0,????????????20????????60???????????MACD???????????
603002,宏昌电子,2026-06-04,17.57,0.015,0.9938,1.041,1.184,0.0334,7.0,?????????????????MACD?3???
601088,中国神华,2026-06-04,49.02,0.0035,0.9843,1.007,1.069,0.8827,7.0,????????????20???????????MACD????
002806,华锋股份,2026-06-04,20.68,0.1,1.0,1.006,1.634,0.9384,7.0,?????????20????????60??????????
603986,兆易创新,2026-06-04,529.31,0.0753,0.9838,0.997,1.231,3.5655,7.0,??????????????20????????60?????????????
002384,东山精密,2026-06-04,237.8,0.0617,0.9718,0.925,0.974,-4.0253,7.0,??????????????20????????60?????????????
600941,中国移动,2026-06-04,100.16,0.0,0.9969,0.849,1.014,0.3166,7.0,?????????????????MACD?3???
002484,江海股份,2026-06-04,96.35,0.1,1.0,0.675,0.792,6.0973,7.0,?????????20????????60???????????MACD???????????
002585,双星新材,2026-06-04,11.8,0.0997,1.0,0.592,0.98,0.3416,7.0,?????????20????????60??????????
002404,嘉欣丝绸,2026-06-04,7.43,-0.0159,0.9738,3.223,4.487,0.2441,6.0,??????????????????MACD?3???
603109,神驰机电,2026-06-04,21.86,0.0297,0.9803,3.147,2.43,0.1875,6.0,???????????????MACD?3???
600596,新安股份,2026-06-04,14.32,-0.0056,0.9828,2.17,3.104,0.3662,6.0,???????????????MACD????
605555,德昌股份,2026-06-04,16.57,0.0191,0.9875,2.134,2.599,-0.0172,6.0,????????????????????????
603120,肯特催化,2026-06-04,55.86,0.0693,0.9722,2.042,3.584,-0.5922,6.0,????????????????????????
600198,大唐电信,2026-06-04,9.25,0.044,1.0,1.815,3.189,-0.0314,6.0,??????????????????????????
600226,亨通股份,2026-06-04,6.71,0.1,1.0,1.797,2.676,0.0099,6.0,????????????????????MACD?3???
002096,易普力,2026-06-04,11.77,0.0147,0.9849,1.791,1.878,0.407,6.0,?????????????????20??????MACD????
603339,四方科技,2026-06-04,13.61,0.0421,1.0,1.755,2.147,-0.0253,6.0,??????????????????????????
600482,中国动力,2026-06-04,39.81,0.1,1.0,1.743,1.579,0.1113,6.0,????????????????????MACD?3???
600348,华阳股份,2026-06-04,9.88,0.0186,0.989,1.574,1.531,0.1299,6.0,?????????????????????????MACD????
601377,兴业证券,2026-06-04,5.85,0.0139,0.9882,1.512,1.54,0.0009,6.0,?????????????????MACD?3???
002624,完美世界,2026-06-04,13.92,0.0419,0.9844,1.501,1.36,0.0072,6.0,?????????????????MACD?3???
603588,高能环境,2026-06-04,13.77,0.0633,0.9766,1.466,1.058,0.1501,6.0,?????????????????MACD?3???
600821,金开新能,2026-06-04,8.62,0.0448,0.9863,1.393,0.983,0.0397,6.0,??????????????MACD?3???
002669,康达新材,2026-06-04,16.55,0.0318,0.9916,1.391,2.471,0.3075,6.0,??????????????????
000065,北方国际,2026-06-04,12.63,0.0369,0.9883,1.377,0.742,0.0484,6.0,??????????????MACD?3???
000600,建投能源,2026-06-04,12.57,0.0096,0.9684,1.369,2.052,0.398,6.0,???????20????????60??????????
000552,甘肃能化,2026-06-04,2.9,0.0,0.9831,1.366,0.965,0.0416,6.0,????????????20??????????????MACD????
601916,浙商银行,2026-06-04,3.06,0.0,0.9903,1.345,1.28,0.0212,6.0,?????????????????MACD????
603500,祥和实业,2026-06-04,11.12,0.0999,1.0,1.295,1.888,0.1737,6.0,?????????20??????????
601233,桐昆股份,2026-06-04,20.49,0.0029,0.9918,1.241,1.164,0.0174,6.0,????????????????????MACD?3???
000050,深天马Ａ,2026-06-04,8.24,0.03,0.988,1.16,1.659,0.1195,6.0,??????????????????????MACD????
002637,赞宇科技,2026-06-04,12.86,0.0086,0.9908,1.096,1.327,0.3348,6.0,????????????????????MACD?3???
600522,中天科技,2026-06-04,46.06,0.024,0.9763,1.082,1.399,-0.3207,6.0,????????????20????????60?????????????
600098,广州发展,2026-06-04,8.11,0.0062,0.9842,1.029,1.213,0.1545,6.0,????????????20??????????
003036,泰坦股份,2026-06-04,74.86,0.1001,1.0,0.69,0.641,2.8909,6.0,?????????20????????60?????????????????
